{"cameraMode":{"drawMode":0,"name":"Shaded","section":"Shading Mode"},"sceneLighting":true,"audioPlay":false,"sceneViewState":{"showFog":true,"showMaterialUpdate":true,"showSkybox":true,"showFlares":true,"showImageEffects":true,"showParticleSystems":true},"in2DMode":false,"pivot":{"x":12.667350769042969,"y":0.8419780731201172,"z":3.518735885620117},"rotation":{"x":-0.1590481698513031,"y":-0.09535147994756699,"z":0.015866156667470933,"w":-0.9827033281326294},"size":29.00836944580078,"orthographic":false}