{"cameraMode":{"drawMode":0,"name":"Shaded","section":"Shading Mode"},"sceneLighting":true,"audioPlay":false,"sceneViewState":{"showFog":true,"showMaterialUpdate":true,"showSkybox":true,"showFlares":true,"showImageEffects":true,"showParticleSystems":true},"in2DMode":false,"pivot":{"x":11.027029037475586,"y":7.899765491485596,"z":-14.9783935546875},"rotation":{"x":0.16135622560977937,"y":-0.16495901346206666,"z":0.027362467721104623,"w":0.9726330041885376},"size":9.596826553344727,"orthographic":false}