{"cameraMode":{"drawMode":0,"name":"Shaded","section":"Shading Mode"},"sceneLighting":true,"audioPlay":false,"sceneViewState":{"showFog":true,"showMaterialUpdate":true,"showSkybox":true,"showFlares":true,"showImageEffects":true,"showParticleSystems":true},"in2DMode":false,"pivot":{"x":14.608992576599121,"y":4.181678771972656,"z":-11.163304328918457},"rotation":{"x":0.17169798910617829,"y":-0.3181501626968384,"z":0.058550670742988589,"w":0.9306368827819824},"size":14.103531837463379,"orthographic":false}