{"cameraMode":{"drawMode":0,"name":"Shaded","section":"Shading Mode"},"sceneLighting":true,"audioPlay":false,"sceneViewState":{"showFog":true,"showMaterialUpdate":true,"showSkybox":true,"showFlares":true,"showImageEffects":true,"showParticleSystems":true},"in2DMode":false,"pivot":{"x":-10.124336242675782,"y":-8.63514232635498,"z":17.386703491210939},"rotation":{"x":-0.18948222696781159,"y":0.38852882385253909,"z":-0.08189423382282257,"w":-0.8981168866157532},"size":31.195032119750978,"orthographic":false}