{"cameraMode":{"drawMode":0,"name":"Shaded","section":"Shading Mode"},"sceneLighting":true,"audioPlay":false,"sceneViewState":{"showFog":true,"showMaterialUpdate":true,"showSkybox":true,"showFlares":true,"showImageEffects":true,"showParticleSystems":true},"in2DMode":false,"pivot":{"x":-18.793115615844728,"y":-3.3699452877044679,"z":13.510882377624512},"rotation":{"x":-0.10848216712474823,"y":0.4859622120857239,"z":-0.06050005555152893,"w":-0.8654338121414185},"size":46.92131423950195,"orthographic":false}