{"cameraMode":{"drawMode":0,"name":"Shaded","section":"Shading Mode"},"sceneLighting":true,"audioPlay":false,"sceneViewState":{"showFog":true,"showMaterialUpdate":true,"showSkybox":true,"showFlares":true,"showImageEffects":true,"showParticleSystems":true},"in2DMode":false,"pivot":{"x":7.335939407348633,"y":-0.7732424736022949,"z":3.766695499420166},"rotation":{"x":-0.38977736234664919,"y":0.33463484048843386,"z":-0.15381906926631928,"w":-0.8442354202270508},"size":9.316397666931153,"orthographic":false}