{"cameraMode":{"drawMode":0,"name":"Shaded","section":"Shading Mode"},"sceneLighting":true,"audioPlay":false,"sceneViewState":{"showFog":true,"showMaterialUpdate":true,"showSkybox":true,"showFlares":true,"showImageEffects":true,"showParticleSystems":true},"in2DMode":false,"pivot":{"x":9.361424446105957,"y":6.230770111083984,"z":-4.5782670974731449},"rotation":{"x":-0.09223808348178864,"y":0.2241419106721878,"z":-0.021312600001692773,"w":-0.9699597358703613},"size":10.0,"orthographic":false}