{"cameraMode":{"drawMode":0,"name":"Shaded","section":"Shading Mode"},"sceneLighting":true,"audioPlay":false,"sceneViewState":{"showFog":true,"showMaterialUpdate":true,"showSkybox":true,"showFlares":true,"showImageEffects":true,"showParticleSystems":true},"in2DMode":false,"pivot":{"x":12.499752044677735,"y":4.150501251220703,"z":-2.7487354278564455},"rotation":{"x":-0.18879176676273347,"y":0.43493080139160159,"z":-0.09379392862319946,"w":-0.8754472732543945},"size":7.465885162353516,"orthographic":false}