{"cameraMode":{"drawMode":0,"name":"Shaded","section":"Shading Mode"},"sceneLighting":true,"audioPlay":false,"sceneViewState":{"showFog":true,"showMaterialUpdate":true,"showSkybox":true,"showFlares":true,"showImageEffects":true,"showParticleSystems":true},"in2DMode":false,"pivot":{"x":12.203925132751465,"y":5.7896528244018559,"z":-2.2763190269470217},"rotation":{"x":-0.08721812069416046,"y":0.43076881766319277,"z":-0.04187146574258804,"w":-0.8972686529159546},"size":7.465885162353516,"orthographic":false}