{"cameraMode":{"drawMode":0,"name":"Shaded","section":"Shading Mode"},"sceneLighting":true,"audioPlay":false,"sceneViewState":{"showFog":true,"showMaterialUpdate":true,"showSkybox":true,"showFlares":true,"showImageEffects":true,"showParticleSystems":true},"in2DMode":false,"pivot":{"x":27.831459045410158,"y":-24.06891441345215,"z":39.15484619140625},"rotation":{"x":-0.24917083978652955,"y":-0.18034358322620393,"z":0.04788583517074585,"w":-0.9504605531692505},"size":67.00834655761719,"orthographic":false}