{"cameraMode":{"drawMode":0,"name":"Shaded","section":"Shading Mode"},"sceneLighting":true,"audioPlay":false,"sceneViewState":{"showFog":true,"showMaterialUpdate":true,"showSkybox":true,"showFlares":true,"showImageEffects":true,"showParticleSystems":true},"in2DMode":false,"pivot":{"x":17.420391082763673,"y":-5.184760093688965,"z":0.5903644561767578},"rotation":{"x":0.21640002727508546,"y":0.25149405002593996,"z":-0.05779710039496422,"w":0.9416009187698364},"size":27.037622451782228,"orthographic":false}