{"cameraMode":{"drawMode":0,"name":"Shaded","section":"Shading Mode"},"sceneLighting":true,"audioPlay":false,"sceneViewState":{"showFog":true,"showMaterialUpdate":true,"showSkybox":true,"showFlares":true,"showImageEffects":true,"showParticleSystems":true},"in2DMode":false,"pivot":{"x":14.429920196533204,"y":3.788656711578369,"z":-11.506383895874024},"rotation":{"x":0.18476536870002747,"y":-0.32973378896713259,"z":0.065818190574646,"w":0.9235895872116089},"size":14.103531837463379,"orthographic":false}